condition,preset,probe,profile,edge,method,label,mask,member_draws_per_pass,passes,width,height,seed_count,seed_keys,normalized_seed_variance,per_pass_variance_proxy,variance_cost_proxy_ms,ms_per_pass_median,ms_per_pass_min,ms_per_pass_max,estimated_total_render_ms,mean_luminance,seed_luminance_sd,seed_luminance_min,seed_luminance_max,mean_rgb,energy_ratio_to_pooled_mean,pooled_signal_sum_rgb_squared,pooled_mean_luminance,binary_sha256
p80-all-n1024-160x100,80,-1,Composite,,uv,UV plane,8,1,1024,160,100,6,"[0, 1000003, 2000006, 3000009, 4000012, 5000015]",4.1128247258978465,4211.532519319395,2525.384540635037,0.5996355314960626,0.5613610236220471,0.6199574803149622,614.0267842519681,0.020921526693593595,0.0005105393963583206,0.020330004310592988,0.02155980290032875,"[0.02771687773116095, 0.018575673360012666, 0.024149541563264168]",1.0025841743850161,82.62828379169412,0.02086760117316517,08cbcb4555bd6df102e797b7c9d65460be0db21562fd33c6db4785c972d2901e
p80-all-n1024-160x100,80,-1,Composite,,spins,Sphere + disk + cone,896,3,1024,160,100,6,"[0, 1000003, 2000006, 3000009, 4000012, 5000015]",0.14398001246861292,147.43553276785963,144.57687242732442,0.9806107775590553,0.9267319881889761,1.1312430118110242,1004.1454362204727,0.020856664748092512,4.622025118118443e-05,0.020814843049440198,0.02094506662172285,"[0.027624835660506542, 0.018511235026176878, 0.024160517949404874]",0.9994759136432644,82.62828379169412,0.02086760117316517,08cbcb4555bd6df102e797b7c9d65460be0db21562fd33c6db4785c972d2901e
p80-all-n1024-160x100,80,-1,Composite,,uv-sphere,UV + sphere,136,2,1024,160,100,6,"[0, 1000003, 2000006, 3000009, 4000012, 5000015]",0.06023974965966523,61.68550365149719,53.483071124194176,0.8670281988188981,0.7969153543307093,0.9102148622047246,887.8368755905517,0.02086105263520294,5.713151819597446e-05,0.020819607524963223,0.020965351506001907,"[0.02767275791863353, 0.018505679396441935, 0.024135213259919203]",0.9996861863561658,82.62828379169412,0.02086760117316517,08cbcb4555bd6df102e797b7c9d65460be0db21562fd33c6db4785c972d2901e
p80-all-n1024-160x100,80,-1,Composite,,six,All six,3976,6,1024,160,100,6,"[0, 1000003, 2000006, 3000009, 4000012, 5000015]",0.0021479641656882062,2.199515305664723,4.406611795038998,2.003446751968503,1.978236122047243,2.276097637795274,2051.529474015747,0.020831160615771616,1.4948452916215793e-05,0.020817240817298917,0.02085543408176962,"[0.027608041171692625, 0.018485758048509056, 0.024109098426262694]",0.998253725615553,82.62828379169412,0.02086760117316517,08cbcb4555bd6df102e797b7c9d65460be0db21562fd33c6db4785c972d2901e
p81-all-n1024-160x100,81,-1,Composite,,uv,UV plane,8,1,1024,160,100,6,"[0, 1000003, 2000006, 3000009, 4000012, 5000015]",21.572610345033432,22090.352993314234,12751.757367892047,0.5772545767716539,0.5263455708661414,0.5932263779527561,591.1086866141736,0.01758978804295826,0.0011229764968893085,0.016278321288052625,0.01945173620272264,"[0.025797261716588457, 0.015168698712476905, 0.017404942975734833]",0.9838441084338239,89.73489084253542,0.0178786333039686,08cbcb4555bd6df102e797b7c9d65460be0db21562fd33c6db4785c972d2901e
p81-all-n1024-160x100,81,-1,Composite,,spins,Sphere + disk + cone,896,3,1024,160,100,6,"[0, 1000003, 2000006, 3000009, 4000012, 5000015]",0.38962113313519936,398.97204033044414,392.1747112689208,0.9829628937007878,0.9264975393700777,1.023642716535433,1006.5540031496067,0.018009346415221398,0.00017215096420552668,0.01775781250914912,0.01827188903629488,"[0.02611868138802889, 0.015597708280284372, 0.018019858588186465]",1.0073111355342683,89.73489084253542,0.0178786333039686,08cbcb4555bd6df102e797b7c9d65460be0db21562fd33c6db4785c972d2901e
p81-all-n1024-160x100,81,-1,Composite,,uv-sphere,UV + sphere,136,2,1024,160,100,6,"[0, 1000003, 2000006, 3000009, 4000012, 5000015]",1.6157422945887756,1654.5201096589062,1397.4448136124988,0.8446224409448818,0.7956497047244094,0.8729038385826782,864.893379527559,0.01793544947248438,0.0005020365807622413,0.01724373056489779,0.01879633076550756,"[0.0262219568011477, 0.015480495596741702, 0.017853338030065592]",1.0031778809682934,89.73489084253542,0.0178786333039686,08cbcb4555bd6df102e797b7c9d65460be0db21562fd33c6db4785c972d2901e
p81-all-n1024-160x100,81,-1,Composite,,six,All six,3976,6,1024,160,100,6,"[0, 1000003, 2000006, 3000009, 4000012, 5000015]",0.07475348072434564,76.54756426172993,151.04404558011785,1.9732051181102381,1.9565787401574795,2.187139173228345,2020.5620409448838,0.017979949285210375,9.544368422453085e-05,0.01789079115839952,0.018106414311711484,"[0.02615706588427176, 0.015546014978949382, 0.01801173359099132]",1.0056668750636149,89.73489084253542,0.0178786333039686,08cbcb4555bd6df102e797b7c9d65460be0db21562fd33c6db4785c972d2901e
p82-all-n1024-160x100,82,-1,Composite,,uv,UV plane,8,1,1024,160,100,6,"[0, 1000003, 2000006, 3000009, 4000012, 5000015]",33.878842141450455,34691.93435284527,37033.45894995753,1.067494783464567,0.9256101377952765,1.1826969488188968,1093.1146582677165,0.01104820194962549,0.0025041767483828074,0.009189280766397167,0.015671038907935916,"[0.014340326676957232, 0.01022696732705238, 0.009489216977791216]",1.024995183624475,322.10766841234596,0.01077878425785188,08cbcb4555bd6df102e797b7c9d65460be0db21562fd33c6db4785c972d2901e
p82-all-n1024-160x100,82,-1,Composite,,spins,Sphere + disk + cone,896,3,1024,160,100,6,"[0, 1000003, 2000006, 3000009, 4000012, 5000015]",0.534673818516119,547.5059901605058,692.6417987827117,1.2650853346456687,1.1080216535433065,1.3156528543307113,1295.4473826771648,0.01030053948318397,0.00030467515284863215,0.010023387966904775,0.010877311163041189,"[0.013278850713968463, 0.009605271809593302, 0.008417803645057639]",0.9556309168801176,322.10766841234596,0.01077878425785188,08cbcb4555bd6df102e797b7c9d65460be0db21562fd33c6db4785c972d2901e
p82-all-n1024-160x100,82,-1,Composite,,uv-sphere,UV + sphere,136,2,1024,160,100,6,"[0, 1000003, 2000006, 3000009, 4000012, 5000015]",10.111640009082882,10354.31936930087,13284.378753495288,1.2829794291338588,1.1886211614173228,1.3352264763779542,1313.7709354330714,0.01129439883432379,0.0018506649450979662,0.00945914326417854,0.014293392389654729,"[0.01387872637560979, 0.01057895138633517, 0.010771683869282782]",1.0478360605553736,322.10766841234596,0.01077878425785188,08cbcb4555bd6df102e797b7c9d65460be0db21562fd33c6db4785c972d2901e
p82-all-n1024-160x100,82,-1,Composite,,six,All six,3976,6,1024,160,100,6,"[0, 1000003, 2000006, 3000009, 4000012, 5000015]",0.08363447027141595,85.64169755792993,244.243677234647,2.8519247539370083,2.5903721456692885,3.157825885826771,2920.3709480314965,0.010471996764274275,8.146764698882545e-05,0.01032017132072952,0.010557992692912962,"[0.013081381255569312, 0.009863638187284354, 0.008814696368344631]",0.9715378389400341,322.10766841234596,0.01077878425785188,08cbcb4555bd6df102e797b7c9d65460be0db21562fd33c6db4785c972d2901e
p82-probe0-n1024-160x100,82,0,Laser-like,0.5,uv,UV plane,8,1,1024,160,100,6,"[0, 1000003, 2000006, 3000009, 4000012, 5000015]",35.60845440333623,36463.0573090163,12589.168413276135,0.3452581692913387,0.31676358267716515,0.364717322834646,353.5443653543308,0.005552400173208388,0.0019407168974021358,0.004109316409026999,0.009224922061567657,"[0.01661142017784887, 0.00265782689395827, 0.001661141950675366]",0.9580308402192046,230.7066300106025,0.005795638240558057,08cbcb4555bd6df102e797b7c9d65460be0db21562fd33c6db4785c972d2901e
p82-probe0-n1024-160x100,82,0,Laser-like,0.5,ut,UT plane,1024,1,1024,160,100,6,"[0, 1000003, 2000006, 3000009, 4000012, 5000015]",20.23892114768122,20724.65525522557,7378.212871025858,0.3560113681102365,0.34320383858267733,0.3814917322834649,364.55564094488216,0.0054268601894940025,0.0014913066782471704,0.0037145416230605945,0.007243922528934481,"[0.016235834496239786, 0.002597733571841512, 0.0016235834489246668]",0.9363697256872705,230.7066300106025,0.005795638240558057,08cbcb4555bd6df102e797b7c9d65460be0db21562fd33c6db4785c972d2901e
p82-probe0-n1024-160x100,82,0,Laser-like,0.5,vt,VT plane,2048,1,1024,160,100,6,"[0, 1000003, 2000006, 3000009, 4000012, 5000015]",0.17586622569667218,180.0870151133923,65.95614255618354,0.36624596456692926,0.31863927165354305,0.3848129921259843,375.03586771653556,0.005891174855609772,0.00015316444670760592,0.005710731789585928,0.006095994863748075,"[0.017624949624173828, 0.0028199922075351387, 0.0017624949955855507]",1.0164842267730148,230.7066300106025,0.005795638240558057,08cbcb4555bd6df102e797b7c9d65460be0db21562fd33c6db4785c972d2901e
p82-probe0-n1024-160x100,82,0,Laser-like,0.5,sphere,Sphere,128,1,1024,160,100,6,"[0, 1000003, 2000006, 3000009, 4000012, 5000015]",6.9256923610972665,7091.908977763601,2917.9516394388224,0.41144798228346474,0.4032709645669297,0.42614911417322776,421.3227338582679,0.006186276061639184,0.0007365316528047448,0.005542244247566403,0.0076034083374337535,"[0.0185078201786828, 0.002961251438283332, 0.0018507820358860069]",1.067402036646703,230.7066300106025,0.005795638240558057,08cbcb4555bd6df102e797b7c9d65460be0db21562fd33c6db4785c972d2901e
p82-probe0-n1024-160x100,82,0,Laser-like,0.5,planes,Three planes,3080,3,1024,160,100,6,"[0, 1000003, 2000006, 3000009, 4000012, 5000015]",0.1699386536936531,174.01718138230078,85.3546652864662,0.49049562007874004,0.4555523622047236,0.5186443897637797,502.2675149606298,0.005803026854365012,5.8297155769807265e-05,0.005753505918129478,0.005885829335887645,"[0.017361232731831464, 0.002777797366203652, 0.001736123258570209]",1.00127485766024,230.7066300106025,0.005795638240558057,08cbcb4555bd6df102e797b7c9d65460be0db21562fd33c6db4785c972d2901e
p82-probe0-n1024-160x100,82,0,Laser-like,0.5,spins,Sphere + disk + cone,896,3,1024,160,100,6,"[0, 1000003, 2000006, 3000009, 4000012, 5000015]",0.028057725102574753,28.731110505036547,28.338205499217135,0.9863247539370072,0.9226982283464569,1.0082771653543292,1009.9965480314954,0.005758677325104027,7.468754399856778e-05,0.005683667656358835,0.005875544136691485,"[0.017228549927797095, 0.002756568066722461, 0.0017228549741612651]",0.9936226324142566,230.7066300106025,0.005795638240558057,08cbcb4555bd6df102e797b7c9d65460be0db21562fd33c6db4785c972d2901e
p82-probe0-n1024-160x100,82,0,Laser-like,0.5,uv-sphere,UV + sphere,136,2,1024,160,100,6,"[0, 1000003, 2000006, 3000009, 4000012, 5000015]",0.8360003303828457,856.064338312034,482.76897350266944,0.5639400590551186,0.5258253937007877,0.5943763779527562,577.4746204724414,0.0059701052832042,0.00021148932373276082,0.005665940365605386,0.006189070520245101,"[0.017861090358489377, 0.0028577746104536815, 0.0017861090248322811]",1.0301031630002746,230.7066300106025,0.005795638240558057,08cbcb4555bd6df102e797b7c9d65460be0db21562fd33c6db4785c972d2901e
p82-probe0-n1024-160x100,82,0,Laser-like,0.5,six,All six,3976,6,1024,160,100,6,"[0, 1000003, 2000006, 3000009, 4000012, 5000015]",0.008672118077881057,8.880248911750202,12.068067293274519,1.3589784940944893,1.3224971456692904,1.3821923228346484,1391.593977952757,0.00577658518183987,2.7633202884409246e-05,0.0057389270899578255,0.00581200920609146,"[0.01728212589312603, 0.002765140199634053, 0.0017282125510109892]",0.9967125175990363,230.7066300106025,0.005795638240558057,08cbcb4555bd6df102e797b7c9d65460be0db21562fd33c6db4785c972d2901e
p82-probe1-n1024-160x100,82,1,Laser-like,2.0,uv,UV plane,8,1,1024,160,100,6,"[0, 1000003, 2000006, 3000009, 4000012, 5000015]",10.655522342576132,10911.25487879796,3875.2379535324135,0.3551596948818897,0.33829212598425173,0.38526437007874,363.68352755905505,0.005983801582368349,0.000496011154857888,0.005387897208888114,0.0066563643569829,"[0.009439453153324636, 0.0054748829290753, 0.0008495508462167123]",1.0124332922237402,28.278720441693807,0.0059103168853972985,08cbcb4555bd6df102e797b7c9d65460be0db21562fd33c6db4785c972d2901e
p82-probe1-n1024-160x100,82,1,Laser-like,2.0,ut,UT plane,1024,1,1024,160,100,6,"[0, 1000003, 2000006, 3000009, 4000012, 5000015]",19.42240063753814,19888.538252839055,7177.827287615154,0.360902706692913,0.3577117125984249,0.3808987204724406,369.56437165354293,0.006151501304409136,0.0009325067518131761,0.005341993776699921,0.007580637919161306,"[0.009703998730982035, 0.005628320164106771, 0.000873360011539846]",1.040807358334328,28.278720441693807,0.0059103168853972985,08cbcb4555bd6df102e797b7c9d65460be0db21562fd33c6db4785c972d2901e
p82-probe1-n1024-160x100,82,1,Laser-like,2.0,vt,VT plane,2048,1,1024,160,100,6,"[0, 1000003, 2000006, 3000009, 4000012, 5000015]",0.12997386669332767,133.09323949396753,49.15318695667624,0.3693139271653547,0.3638010826771659,0.3763851377952756,378.17746141732323,0.00591541052736692,6.491009230837932e-05,0.005824585113916443,0.006015957269271818,"[0.009331566001199543, 0.005412308551030039, 0.0008398409946705483]",1.0008618221439542,28.278720441693807,0.0059103168853972985,08cbcb4555bd6df102e797b7c9d65460be0db21562fd33c6db4785c972d2901e
p82-probe1-n1024-160x100,82,1,Laser-like,2.0,sphere,Sphere,128,1,1024,160,100,6,"[0, 1000003, 2000006, 3000009, 4000012, 5000015]",3.0296659588924317,3102.37794190585,1314.5370776566374,0.4237191929133857,0.4052399606299208,0.42907391732283506,433.888453543307,0.0057654907936209214,0.0002873679421818147,0.005375896079275889,0.00614881587750855,"[0.009095067509536162, 0.005275139385017156, 0.0008185561347540991]",0.9754960529892736,28.278720441693807,0.0059103168853972985,08cbcb4555bd6df102e797b7c9d65460be0db21562fd33c6db4785c972d2901e
p82-probe1-n1024-160x100,82,1,Laser-like,2.0,planes,Three planes,3080,3,1024,160,100,6,"[0, 1000003, 2000006, 3000009, 4000012, 5000015]",0.11684906567568372,119.65344325190013,61.35770274234599,0.5127951279527563,0.49666407480314967,0.5318845472440943,525.1022110236224,0.00584082766874999,5.5729616819739357e-05,0.005770008260343653,0.005916667816413137,"[0.009213911502549715, 0.0053440689077824685, 0.0008292520839597742]",0.9882427257294788,28.278720441693807,0.0059103168853972985,08cbcb4555bd6df102e797b7c9d65460be0db21562fd33c6db4785c972d2901e
p82-probe1-n1024-160x100,82,1,Laser-like,2.0,spins,Sphere + disk + cone,896,3,1024,160,100,6,"[0, 1000003, 2000006, 3000009, 4000012, 5000015]",0.05175788435469823,53.00007357921099,53.20921259987052,1.0039460137795273,0.9237699803149598,1.0060974409448817,1028.040718110236,0.005819686478627142,3.026438181041658e-05,0.005776689008617121,0.005868847884621552,"[0.009180561226281582, 0.005324725771439139, 0.0008262505565982495]",0.984665727992677,28.278720441693807,0.0059103168853972985,08cbcb4555bd6df102e797b7c9d65460be0db21562fd33c6db4785c972d2901e
p82-probe1-n1024-160x100,82,1,Laser-like,2.0,uv-sphere,UV + sphere,136,2,1024,160,100,6,"[0, 1000003, 2000006, 3000009, 4000012, 5000015]",0.8173354599036505,836.9515109413381,499.6931264445422,0.5970395177165355,0.5744882874015753,0.6219068897637787,611.3684661417324,0.005953968705824087,0.00016396571962339838,0.005675396629532071,0.006175462126781749,"[0.00939239157135536, 0.005447587380297984, 0.0008453152820609695]",1.0073856988166978,28.278720441693807,0.0059103168853972985,08cbcb4555bd6df102e797b7c9d65460be0db21562fd33c6db4785c972d2901e
p82-probe1-n1024-160x100,82,1,Laser-like,2.0,six,All six,3976,6,1024,160,100,6,"[0, 1000003, 2000006, 3000009, 4000012, 5000015]",0.016950581857514642,17.357395822094993,23.935614787170216,1.3789865157480317,1.360574803149608,1.4266702755905518,1412.0821921259844,0.005851848022211841,2.859241843419398e-05,0.005807433138240027,0.005884553758966753,"[0.009231296031778505, 0.0053541520143828, 0.0008308166920931937]",0.99010732176985,28.278720441693807,0.0059103168853972985,08cbcb4555bd6df102e797b7c9d65460be0db21562fd33c6db4785c972d2901e
p82-probe2-n1024-160x100,82,2,Laser-like,6.4,uv,UV plane,8,1,1024,160,100,6,"[0, 1000003, 2000006, 3000009, 4000012, 5000015]",3.75536946352646,3845.498330651095,1410.0136574438457,0.36666604330708713,0.3313825787401575,0.4016172244094488,375.4660283464572,0.0064819420117799564,0.00024374956578637264,0.006061553847260695,0.006758895039794374,"[0.005800759126596991, 0.007250948550604854, 0.0008701138237236055]",0.9959774436839117,6.2142222475298565,0.006508121296205878,08cbcb4555bd6df102e797b7c9d65460be0db21562fd33c6db4785c972d2901e
p82-probe2-n1024-160x100,82,2,Laser-like,6.4,ut,UT plane,1024,1,1024,160,100,6,"[0, 1000003, 2000006, 3000009, 4000012, 5000015]",2.3400299130735815,2396.1906309873475,893.4029317306803,0.37284301181102386,0.36078366141732315,0.38537391732283516,381.79124409448843,0.006422552024780633,0.00011482816909737683,0.006283936566904535,0.0065801947925071816,"[0.005747610398033852, 0.00718451263453897, 0.0008621415226638237]",0.9868519243064615,6.2142222475298565,0.006508121296205878,08cbcb4555bd6df102e797b7c9d65460be0db21562fd33c6db4785c972d2901e
p82-probe2-n1024-160x100,82,2,Laser-like,6.4,vt,VT plane,2048,1,1024,160,100,6,"[0, 1000003, 2000006, 3000009, 4000012, 5000015]",0.1340306637400809,137.24739966984285,55.47724287076857,0.4042134350393707,0.3652778543307084,0.4167760826771656,413.9145574803156,0.006502843385692546,3.393969013842261e-05,0.006454585388147414,0.00654889685418249,"[0.0058194639707075425, 0.007274329633183402, 0.0008729195549493236]",0.999189027021299,6.2142222475298565,0.006508121296205878,08cbcb4555bd6df102e797b7c9d65460be0db21562fd33c6db4785c972d2901e
p82-probe2-n1024-160x100,82,2,Laser-like,6.4,sphere,Sphere,128,1,1024,160,100,6,"[0, 1000003, 2000006, 3000009, 4000012, 5000015]",55.95682213817976,57299.785869496074,24355.65184659045,0.4250565944881889,0.4123150590551182,0.4494961614173227,435.2579527559054,0.006736787666639851,0.0008790128428786187,0.006115938632972022,0.008494750914100593,"[0.006028823561701846, 0.0075360285597319086, 0.0009043234280023754]",1.0351355421982196,6.2142222475298565,0.006508121296205878,08cbcb4555bd6df102e797b7c9d65460be0db21562fd33c6db4785c972d2901e
p82-probe2-n1024-160x100,82,2,Laser-like,6.4,planes,Three planes,3080,3,1024,160,100,6,"[0, 1000003, 2000006, 3000009, 4000012, 5000015]",0.1034970842075647,105.98101422854626,61.48376405045592,0.5801394192913386,0.5672676181102363,0.6074761811023626,594.0627653543307,0.006447086758539285,2.6660144885030685e-05,0.006402360082537407,0.006473746536484409,"[0.005769566759146735, 0.0072119581382339955, 0.0008654349734028679]",0.9906217885486899,6.2142222475298565,0.006508121296205878,08cbcb4555bd6df102e797b7c9d65460be0db21562fd33c6db4785c972d2901e
p82-probe2-n1024-160x100,82,2,Laser-like,6.4,spins,Sphere + disk + cone,896,3,1024,160,100,6,"[0, 1000003, 2000006, 3000009, 4000012, 5000015]",0.2298802498606114,235.39737585726607,236.13580769433634,1.003136958661417,0.9321352362204726,1.0338630905511805,1027.212245669291,0.006488133062082368,4.243460649444821e-05,0.006408257810331746,0.006533291006623211,"[0.005806299533758468, 0.00725787410595747, 0.0008709448839960991]",0.9969287244023612,6.2142222475298565,0.006508121296205878,08cbcb4555bd6df102e797b7c9d65460be0db21562fd33c6db4785c972d2901e
p82-probe2-n1024-160x100,82,2,Laser-like,6.4,uv-sphere,UV + sphere,136,2,1024,160,100,6,"[0, 1000003, 2000006, 3000009, 4000012, 5000015]",0.9667648642278455,989.9672209693138,595.365458470337,0.6013991633858266,0.5796251968503942,0.6562738188976368,615.8327433070864,0.006498165695984784,0.00010551671907907326,0.006300364005677105,0.006607362619548415,"[0.005815277926843838, 0.00726909696911097, 0.0008722916402990733]",0.9984702804745053,6.2142222475298565,0.006508121296205878,08cbcb4555bd6df102e797b7c9d65460be0db21562fd33c6db4785c972d2901e
p82-probe2-n1024-160x100,82,2,Laser-like,6.4,six,All six,3976,6,1024,160,100,6,"[0, 1000003, 2000006, 3000009, 4000012, 5000015]",0.029815551417460753,30.53112465147981,44.69307396699535,1.4638528543307077,1.3268316929133865,1.544969291338581,1498.9853228346446,0.006487459764147598,1.8881759662321222e-05,0.006468047107651213,0.00651676974717263,"[0.005805696965869534, 0.007257120936486688, 0.0008708545073187119]",0.9968252693645514,6.2142222475298565,0.006508121296205878,08cbcb4555bd6df102e797b7c9d65460be0db21562fd33c6db4785c972d2901e
p82-probe3-n1024-160x100,82,3,Cone 25°,0.5,uv,UV plane,8,1,1024,160,100,6,"[0, 1000003, 2000006, 3000009, 4000012, 5000015]",11.687561429919649,11968.06290423772,4220.323583630508,0.3526321358267721,0.33530098425196836,0.37961446850393815,361.09530708661464,0.006654163575966508,0.0004294627843478435,0.006120072868907498,0.0072058432529841085,"[0.001045408322359435, 0.008711736309652524, 0.00278775565054578]",1.0547692811771867,18.177409915318663,0.006308643695557815,08cbcb4555bd6df102e797b7c9d65460be0db21562fd33c6db4785c972d2901e
p82-probe3-n1024-160x100,82,3,Cone 25°,0.5,ut,UT plane,1024,1,1024,160,100,6,"[0, 1000003, 2000006, 3000009, 4000012, 5000015]",1.0627525459167915,1088.2586070187945,379.06987508720766,0.3483270177165353,0.32497342519685035,0.38566712598425085,356.68686614173214,0.0063554667646235526,0.0002325546516705391,0.006109886191516992,0.006754020709632501,"[0.0009984812433261436, 0.008320677738476657, 0.002662616810718956]",1.0074220500198334,18.177409915318663,0.006308643695557815,08cbcb4555bd6df102e797b7c9d65460be0db21562fd33c6db4785c972d2901e
p82-probe3-n1024-160x100,82,3,Cone 25°,0.5,vt,VT plane,2048,1,1024,160,100,6,"[0, 1000003, 2000006, 3000009, 4000012, 5000015]",0.022299272909969966,22.834455459809245,7.907395498098706,0.3462922736220469,0.3374053149606297,0.36275393700787395,354.603288188976,0.006252352002696464,2.5727773028906345e-05,0.006205938908817503,0.006282064918178538,"[0.0009822813385010985, 0.008185678252239717, 0.002619416954699469]",0.9910770530754512,18.177409915318663,0.006308643695557815,08cbcb4555bd6df102e797b7c9d65460be0db21562fd33c6db4785c972d2901e
p82-probe3-n1024-160x100,82,3,Cone 25°,0.5,sphere,Sphere,128,1,1024,160,100,6,"[0, 1000003, 2000006, 3000009, 4000012, 5000015]",0.21671787155750497,221.91910047488508,84.69063028260256,0.38162839566929085,0.3668442913385825,0.3906287401574801,390.78747716535383,0.006219904748545886,9.625430040026487e-05,0.006114910459722303,0.006369075511063135,"[0.0009771836766530938, 0.008143197798061604, 0.002605823181658846]",0.9859337519609145,18.177409915318663,0.006308643695557815,08cbcb4555bd6df102e797b7c9d65460be0db21562fd33c6db4785c972d2901e
p82-probe3-n1024-160x100,82,3,Cone 25°,0.5,planes,Three planes,3080,3,1024,160,100,6,"[0, 1000003, 2000006, 3000009, 4000012, 5000015]",0.019542516242857456,20.011536632686035,9.684125212220392,0.4839271161417326,0.4727667322834645,0.48670059055118053,495.5413669291342,0.006249786948706287,2.9253137586539475e-05,0.006194173168998377,0.006275855318819959,"[0.000981878340697376, 0.0081823200484032, 0.0026183423110257183]",0.9906704595009904,18.177409915318663,0.006308643695557815,08cbcb4555bd6df102e797b7c9d65460be0db21562fd33c6db4785c972d2901e
p82-probe3-n1024-160x100,82,3,Cone 25°,0.5,spins,Sphere + disk + cone,896,3,1024,160,100,6,"[0, 1000003, 2000006, 3000009, 4000012, 5000015]",0.007332732326103983,7.508717901930479,6.673687869378725,0.888791929133858,0.8669983267716541,0.9891104330708652,910.1229354330706,0.006256130790078525,1.4709837691012632e-05,0.006243116610316552,0.006281913952551596,"[0.000982874993141187, 0.008190625506022963, 0.0026210000641148806]",0.9916760387789427,18.177409915318663,0.006308643695557815,08cbcb4555bd6df102e797b7c9d65460be0db21562fd33c6db4785c972d2901e
p82-probe3-n1024-160x100,82,3,Cone 25°,0.5,uv-sphere,UV + sphere,136,2,1024,160,100,6,"[0, 1000003, 2000006, 3000009, 4000012, 5000015]",0.09213008232205638,94.34120429778574,51.467412226507406,0.5455454232283463,0.503318700787401,0.5532263779527555,558.6385133858266,0.006237559969080147,3.0011334977295425e-05,0.006203452798893825,0.006290063770649989,"[0.000979957424876278, 0.008166312287702877, 0.002613219839146232]",0.9887323282296444,18.177409915318663,0.006308643695557815,08cbcb4555bd6df102e797b7c9d65460be0db21562fd33c6db4785c972d2901e
p82-probe3-n1024-160x100,82,3,Cone 25°,0.5,six,All six,3976,6,1024,160,100,6,"[0, 1000003, 2000006, 3000009, 4000012, 5000015]",0.002560168000326105,2.6216120323339314,3.3438594383922386,1.2754974409448812,1.2239870078740145,1.34923622047244,1306.1093795275583,0.006243784764765155,1.7295062191492136e-05,0.006209276838018221,0.006255337369401347,"[0.0009809353699978668, 0.008174461894218134, 0.0026158276780997034]",0.9897190372570367,18.177409915318663,0.006308643695557815,08cbcb4555bd6df102e797b7c9d65460be0db21562fd33c6db4785c972d2901e
p82-probe4-n1024-160x100,82,4,Cone 25°,2.0,uv,UV plane,8,1,1024,160,100,6,"[0, 1000003, 2000006, 3000009, 4000012, 5000015]",1.0327361812506182,1057.521849600633,374.7414545666727,0.35435812007874035,0.33820344488188964,0.362633070866142,362.8627149606301,0.006269102026659988,9.998054802943665e-05,0.006140829760521355,0.00641562008544443,"[0.0007857692207944643, 0.00785769143378517, 0.0066790384608854505]",0.99306053534643,13.615449839815387,0.0063129102441605,08cbcb4555bd6df102e797b7c9d65460be0db21562fd33c6db4785c972d2901e
p82-probe4-n1024-160x100,82,4,Cone 25°,2.0,ut,UT plane,1024,1,1024,160,100,6,"[0, 1000003, 2000006, 3000009, 4000012, 5000015]",0.3678348839757221,376.66292119113945,133.76423647098946,0.35512982283464567,0.33678031496062955,0.39386692913385796,363.65293858267717,0.006302329046596812,0.00010756620864069254,0.006205253274935409,0.0064704243543455995,"[0.000789933897877969, 0.007899338162547787, 0.006714438310994092]",0.9983238796126596,13.615449839815387,0.0063129102441605,08cbcb4555bd6df102e797b7c9d65460be0db21562fd33c6db4785c972d2901e
p82-probe4-n1024-160x100,82,4,Cone 25°,2.0,vt,VT plane,2048,1,1024,160,100,6,"[0, 1000003, 2000006, 3000009, 4000012, 5000015]",0.010498650804276238,10.750618423578867,3.875714865256856,0.360510875984252,0.3562378937007874,0.3633423228346457,369.16313700787407,0.006319707548900833,9.89856100390374e-06,0.0063066376439757585,0.006331834314563682,"[0.0007921121249982742, 0.007921120377145903, 0.006732953149466065]",1.0010767307751003,13.615449839815387,0.0063129102441605,08cbcb4555bd6df102e797b7c9d65460be0db21562fd33c6db4785c972d2901e
p82-probe4-n1024-160x100,82,4,Cone 25°,2.0,sphere,Sphere,128,1,1024,160,100,6,"[0, 1000003, 2000006, 3000009, 4000012, 5000015]",0.44982971978160746,460.62563305636604,173.83848177740273,0.37739645669291355,0.35225265748031515,0.3883979330708665,386.4539716535435,0.006323142467204315,0.00010268849756450776,0.0061617368618217,0.006444887738686417,"[0.0007925426471103352, 0.007925425705982292, 0.006736612680195709]",1.0016208408876524,13.615449839815387,0.0063129102441605,08cbcb4555bd6df102e797b7c9d65460be0db21562fd33c6db4785c972d2901e
p82-probe4-n1024-160x100,82,4,Cone 25°,2.0,planes,Three planes,3080,3,1024,160,100,6,"[0, 1000003, 2000006, 3000009, 4000012, 5000015]",0.008959780385007025,9.174815114247194,4.618629471018041,0.5034030019685041,0.48881594488188984,0.5583328740157473,515.4846740157482,0.00631350020999891,1.6237915917395134e-05,0.006296922154349934,0.00633873889162469,"[0.0007913340927499712, 0.00791334010353603, 0.006726339886860095]",1.0000934538613084,13.615449839815387,0.0063129102441605,08cbcb4555bd6df102e797b7c9d65460be0db21562fd33c6db4785c972d2901e
p82-probe4-n1024-160x100,82,4,Cone 25°,2.0,spins,Sphere + disk + cone,896,3,1024,160,100,6,"[0, 1000003, 2000006, 3000009, 4000012, 5000015]",0.01517399980294252,15.53817579821314,13.852985694844357,0.8915451771653544,0.8196367125984239,0.923798818897637,912.9422614173229,0.006322471841154001,1.3730927584126687e-05,0.006297262605141282,0.006336245714821457,"[0.0007924586009405155, 0.007924585141907463, 0.006735898187006071]",1.0015146100013612,13.615449839815387,0.0063129102441605,08cbcb4555bd6df102e797b7c9d65460be0db21562fd33c6db4785c972d2901e
p82-probe4-n1024-160x100,82,4,Cone 25°,2.0,uv-sphere,UV + sphere,136,2,1024,160,100,6,"[0, 1000003, 2000006, 3000009, 4000012, 5000015]",0.06343559141912133,64.95804561318025,35.93602797709182,0.5532190452755902,0.5179284448818893,0.5873581692913391,566.4963023622043,0.006340124880436188,1.5930577871809782e-05,0.006318819901630119,0.006363970291268994,"[0.0007946712182538236, 0.007946711471755097, 0.006754705468645096]",1.0043109493439832,13.615449839815387,0.0063129102441605,08cbcb4555bd6df102e797b7c9d65460be0db21562fd33c6db4785c972d2901e
p82-probe4-n1024-160x100,82,4,Cone 25°,2.0,six,All six,3976,6,1024,160,100,6,"[0, 1000003, 2000006, 3000009, 4000012, 5000015]",0.0027880621360780954,2.8549756273439697,3.662163083164003,1.2827300688976364,1.268535137795277,1.310363877952755,1313.5155905511797,0.006312903932332948,7.136841149533136e-06,0.006302182219113389,0.0063200954361326755,"[0.0007912593430944359, 0.007912592732459554, 0.006725704622382503]",0.9999990001715044,13.615449839815387,0.0063129102441605,08cbcb4555bd6df102e797b7c9d65460be0db21562fd33c6db4785c972d2901e
p82-probe5-n1024-160x100,82,5,Cone 25°,6.4,uv,UV plane,8,1,1024,160,100,6,"[0, 1000003, 2000006, 3000009, 4000012, 5000015]",0.2670117892418454,273.42007218364967,96.44934758986103,0.3527515255905511,0.34833031496062994,0.36397431102362154,361.21756220472435,0.0069976300760947905,4.0291851047325546e-05,0.006963608187427219,0.00704999005840993,"[0.0016383799975998611, 0.007918836429120944, 0.013653167236811009]",0.9963861158584821,12.240681183573251,0.007023010422084878,08cbcb4555bd6df102e797b7c9d65460be0db21562fd33c6db4785c972d2901e
p82-probe5-n1024-160x100,82,5,Cone 25°,6.4,ut,UT plane,1024,1,1024,160,100,6,"[0, 1000003, 2000006, 3000009, 4000012, 5000015]",0.17978502221012013,184.09986274316302,67.15354158678842,0.3647669291338585,0.35105541338582646,0.379711712598425,373.5213354330711,0.007018055445985622,1.9508463249007155e-05,0.006992636465566694,0.007040038630138447,"[0.0016431622510006752, 0.007941950710834129, 0.01369301943260809]",0.999294465506747,12.240681183573251,0.007023010422084878,08cbcb4555bd6df102e797b7c9d65460be0db21562fd33c6db4785c972d2901e
p82-probe5-n1024-160x100,82,5,Cone 25°,6.4,vt,VT plane,2048,1,1024,160,100,6,"[0, 1000003, 2000006, 3000009, 4000012, 5000015]",0.00790724288652796,8.097016715804632,3.019000177278771,0.37285339566929143,0.36020403543307133,0.40747844488188945,381.8018771653544,0.0070221910987025155,4.200514053175996e-06,0.007017193339537018,0.007027077093983731,"[0.0016441305575315924, 0.007946630797521498, 0.013701088584264958]",0.9998833372965266,12.240681183573251,0.007023010422084878,08cbcb4555bd6df102e797b7c9d65460be0db21562fd33c6db4785c972d2901e
p82-probe5-n1024-160x100,82,5,Cone 25°,6.4,sphere,Sphere,128,1,1024,160,100,6,"[0, 1000003, 2000006, 3000009, 4000012, 5000015]",3.7077143316967445,3796.6994756574663,1392.6392704798316,0.3668026082677168,0.34059734251968543,0.40615187007874004,375.605870866142,0.00705795922850475,0.00011659135099797687,0.0069334251305128575,0.007245432992818066,"[0.0016525050643382351, 0.007987107632966842, 0.013770876353580997]",1.0049763284288986,12.240681183573251,0.007023010422084878,08cbcb4555bd6df102e797b7c9d65460be0db21562fd33c6db4785c972d2901e
p82-probe5-n1024-160x100,82,5,Cone 25°,6.4,planes,Three planes,3080,3,1024,160,100,6,"[0, 1000003, 2000006, 3000009, 4000012, 5000015]",0.0059483110025832404,6.091070466645238,3.2702025089889197,0.53688469488189,0.524062401574803,0.5446367125984249,549.7699275590553,0.00702221980834821,3.6308225798197347e-06,0.0070160216136929705,0.007025792189476765,"[0.0016441372660756853, 0.007946663292750823, 0.01370114457901845]",0.9998874252365935,12.240681183573251,0.007023010422084878,08cbcb4555bd6df102e797b7c9d65460be0db21562fd33c6db4785c972d2901e
p82-probe5-n1024-160x100,82,5,Cone 25°,6.4,spins,Sphere + disk + cone,896,3,1024,160,100,6,"[0, 1000003, 2000006, 3000009, 4000012, 5000015]",0.040894516809494914,41.87598521292279,37.38185324337633,0.8926799704724417,0.8150742125984254,0.9247496062992127,914.1042897637803,0.007023057117050653,1.3035852404456769e-05,0.0070097723091738446,0.007042665978152394,"[0.0016443333111700214, 0.007947610821105075, 0.013702778335756045]",1.000006648853265,12.240681183573251,0.007023010422084878,08cbcb4555bd6df102e797b7c9d65460be0db21562fd33c6db4785c972d2901e
p82-probe5-n1024-160x100,82,5,Cone 25°,6.4,uv-sphere,UV + sphere,136,2,1024,160,100,6,"[0, 1000003, 2000006, 3000009, 4000012, 5000015]",0.04568322154619765,46.779618863306396,26.886256734721858,0.5747429625984244,0.5356619094488198,0.6200771653543307,588.5367937007866,0.007021619746103498,1.1819383690189614e-05,0.007006193181790741,0.007038711472427782,"[0.001643996772276828, 0.00794598422732199, 0.013699973863389706]",0.9998019829250137,12.240681183573251,0.007023010422084878,08cbcb4555bd6df102e797b7c9d65460be0db21562fd33c6db4785c972d2901e
p82-probe5-n1024-160x100,82,5,Cone 25°,6.4,six,All six,3976,6,1024,160,100,6,"[0, 1000003, 2000006, 3000009, 4000012, 5000015]",0.0033911185898709865,3.47250543602789,4.571618857789669,1.3165188484251953,1.199738976377954,1.3416701771653539,1348.1153007874,0.007021350855888988,4.710457136791011e-06,0.0070161416334428555,0.007028819958281983,"[0.0016439338183853638, 0.007945679946064196, 0.01369944915062526]",0.9997636958944741,12.240681183573251,0.007023010422084878,08cbcb4555bd6df102e797b7c9d65460be0db21562fd33c6db4785c972d2901e
p82-probe6-n1024-160x100,82,6,Diffuse,0.5,uv,UV plane,8,1,1024,160,100,6,"[0, 1000003, 2000006, 3000009, 4000012, 5000015]",4.778116328985544,4892.7911208811975,1702.9934977072414,0.3480617618110234,0.31637263779527575,0.3586892716535432,356.41524409448795,0.008896842398198157,0.00024224568911371976,0.008621230030207786,0.00923829644486171,"[0.012116236603589658, 0.006058118301794829, 0.027536901479658597]",1.0161080397523254,74.20634254309196,0.008755803566288824,08cbcb4555bd6df102e797b7c9d65460be0db21562fd33c6db4785c972d2901e
p82-probe6-n1024-160x100,82,6,Diffuse,0.5,ut,UT plane,1024,1,1024,160,100,6,"[0, 1000003, 2000006, 3000009, 4000012, 5000015]",0.1853505543241594,189.79896762793922,66.38153509284551,0.3497465551181105,0.3388990157480316,0.3689775590551188,358.14047244094513,0.008760791698784721,6.561043158447351e-05,0.008690361530676415,0.008855482147898277,"[0.0119309547655918, 0.0059654773827959, 0.02711580736072387]",1.0005696944270315,74.20634254309196,0.008755803566288824,08cbcb4555bd6df102e797b7c9d65460be0db21562fd33c6db4785c972d2901e
p82-probe6-n1024-160x100,82,6,Diffuse,0.5,vt,VT plane,2048,1,1024,160,100,6,"[0, 1000003, 2000006, 3000009, 4000012, 5000015]",0.03988793640333565,40.845246877015704,14.545730119873983,0.356118061023622,0.3354355314960625,0.4280102362204728,364.6648944881889,0.00873191689420536,3.421781165054532e-05,0.008691070925284528,0.008775078093703356,"[0.011891631410936517, 0.005945815705468259, 0.027026435785171325]",0.997271904068813,74.20634254309196,0.008755803566288824,08cbcb4555bd6df102e797b7c9d65460be0db21562fd33c6db4785c972d2901e
p82-probe6-n1024-160x100,82,6,Diffuse,0.5,sphere,Sphere,128,1,1024,160,100,6,"[0, 1000003, 2000006, 3000009, 4000012, 5000015]",0.12922059888127935,132.32189325443005,48.88695511755604,0.3694547736220464,0.3488573818897636,0.3871382874015755,378.3216881889755,0.008699019142420881,3.3231152442690525e-05,0.00864629849815248,0.008746128637642491,"[0.01184682935341819, 0.005923414676709095, 0.026924612813044653]",0.9935146530597635,74.20634254309196,0.008755803566288824,08cbcb4555bd6df102e797b7c9d65460be0db21562fd33c6db4785c972d2901e
p82-probe6-n1024-160x100,82,6,Diffuse,0.5,planes,Three planes,3080,3,1024,160,100,6,"[0, 1000003, 2000006, 3000009, 4000012, 5000015]",0.011930410729090629,12.216740586588804,5.886794571863093,0.4818629429133865,0.46483336614173176,0.5090255905511817,493.42765354330777,0.008738049240703148,1.3751469967892266e-05,0.008723375038642641,0.008763302980262974,"[0.011899982800117566, 0.005949991400058783, 0.027045416178340057]",0.9979722791344894,74.20634254309196,0.008755803566288824,08cbcb4555bd6df102e797b7c9d65460be0db21562fd33c6db4785c972d2901e
p82-probe6-n1024-160x100,82,6,Diffuse,0.5,spins,Sphere + disk + cone,896,3,1024,160,100,6,"[0, 1000003, 2000006, 3000009, 4000012, 5000015]",0.002541191700205248,2.602180301010174,2.262877375787495,0.8696082185039367,0.8416185039370089,0.9135193897637784,890.4788157480311,0.008740770729507222,5.994118152408927e-06,0.008733703276656709,0.008748155117310866,"[0.011903689083075724, 0.005951844541537862, 0.02705383953375966]",0.9982831002696907,74.20634254309196,0.008755803566288824,08cbcb4555bd6df102e797b7c9d65460be0db21562fd33c6db4785c972d2901e
p82-probe6-n1024-160x100,82,6,Diffuse,0.5,uv-sphere,UV + sphere,136,2,1024,160,100,6,"[0, 1000003, 2000006, 3000009, 4000012, 5000015]",0.026810106941124116,27.453549507711095,14.560015651564228,0.5303509350393705,0.4981750984251963,0.5356064960629925,543.0793574803154,0.008743418293757447,2.2021148642347174e-05,0.008714241955952808,0.008776877100335057,"[0.011907294729766949, 0.005953647364883474, 0.027062033779007056]",0.9985854784843434,74.20634254309196,0.008755803566288824,08cbcb4555bd6df102e797b7c9d65460be0db21562fd33c6db4785c972d2901e
p82-probe6-n1024-160x100,82,6,Diffuse,0.5,six,All six,3976,6,1024,160,100,6,"[0, 1000003, 2000006, 3000009, 4000012, 5000015]",0.0006716194878116115,0.6877383555190901,0.8576793493026447,1.24710123031496,1.1469914370078755,1.3008189960629921,1277.031659842519,0.008735620132733657,4.538283390056382e-06,0.008729495495115399,0.008742522210582637,"[0.01189667469170066, 0.00594833734585033, 0.02703789783276939]",0.9976948508035428,74.20634254309196,0.008755803566288824,08cbcb4555bd6df102e797b7c9d65460be0db21562fd33c6db4785c972d2901e
p82-probe7-n1024-160x100,82,7,Diffuse,2.0,uv,UV plane,8,1,1024,160,100,6,"[0, 1000003, 2000006, 3000009, 4000012, 5000015]",0.3822713052827028,391.4458166094877,134.16996078541393,0.3427548720472441,0.3269891732283464,0.36489124015748026,350.98098897637794,0.008741374714067872,5.914261441681992e-05,0.008685435557762166,0.008814660189631595,"[0.02387779665865682, 0.003581669383441472, 0.015281789493075734]",0.9949351340822551,43.876497079764846,0.008785873987786212,08cbcb4555bd6df102e797b7c9d65460be0db21562fd33c6db4785c972d2901e
p82-probe7-n1024-160x100,82,7,Diffuse,2.0,ut,UT plane,1024,1,1024,160,100,6,"[0, 1000003, 2000006, 3000009, 4000012, 5000015]",0.06381879781182145,65.35044895930517,23.28834966923294,0.3563609744094488,0.35052194881889764,0.375628543307087,364.9136377952756,0.008778683616622021,3.262481223272683e-05,0.008741389104901385,0.008827557845451547,"[0.02397970908196148, 0.0035969562178353527, 0.015347013556802997]",0.9991815986463969,43.876497079764846,0.008785873987786212,08cbcb4555bd6df102e797b7c9d65460be0db21562fd33c6db4785c972d2901e
p82-probe7-n1024-160x100,82,7,Diffuse,2.0,vt,VT plane,2048,1,1024,160,100,6,"[0, 1000003, 2000006, 3000009, 4000012, 5000015]",0.01698033747158959,17.38786557090774,6.303374238406665,0.3625156988188974,0.3432461614173229,0.3797037401574806,371.21607559055093,0.00878084764582885,1.2496985444836266e-05,0.008757426582227659,0.008793786712455348,"[0.023985620205686228, 0.003597842927413038, 0.015350796792439975]",0.999427906436588,43.876497079764846,0.008785873987786212,08cbcb4555bd6df102e797b7c9d65460be0db21562fd33c6db4785c972d2901e
p82-probe7-n1024-160x100,82,7,Diffuse,2.0,sphere,Sphere,128,1,1024,160,100,6,"[0, 1000003, 2000006, 3000009, 4000012, 5000015]",3.0907227861264914,3164.900132993527,1155.0522647032494,0.36495693897637804,0.35121377952755856,0.37419675196850405,373.7159055118111,0.00883223886656272,0.00020923749582560063,0.008702082558225386,0.009244509209170419,"[0.024125999723105303, 0.0036188998334455457, 0.01544063939820387]",1.005277207349088,43.876497079764846,0.008785873987786212,08cbcb4555bd6df102e797b7c9d65460be0db21562fd33c6db4785c972d2901e
p82-probe7-n1024-160x100,82,7,Diffuse,2.0,planes,Three planes,3080,3,1024,160,100,6,"[0, 1000003, 2000006, 3000009, 4000012, 5000015]",0.00394561686760711,4.040311672429681,1.9948444368256384,0.4937352854330714,0.45364379921259795,0.5211677165354328,505.5849322834651,0.0087850069878641,4.246864290985758e-06,0.008779340641799853,0.00878904592149279,"[0.02399698182645943, 0.003599547166610136, 0.01535806811633367]",0.9999013188758094,43.876497079764846,0.008785873987786212,08cbcb4555bd6df102e797b7c9d65460be0db21562fd33c6db4785c972d2901e
p82-probe7-n1024-160x100,82,7,Diffuse,2.0,spins,Sphere + disk + cone,896,3,1024,160,100,6,"[0, 1000003, 2000006, 3000009, 4000012, 5000015]",0.004184409229733363,4.284835051246963,3.6175742629305985,0.8442738681102369,0.8324467519685048,0.8648535433070873,864.5364409448825,0.008792000191518072,6.162679724323789e-06,0.008781836083575266,0.008800424292783942,"[0.02401608438892186, 0.003602412522258112, 0.015370293829837465]",1.0006972788069095,43.876497079764846,0.008785873987786212,08cbcb4555bd6df102e797b7c9d65460be0db21562fd33c6db4785c972d2901e
p82-probe7-n1024-160x100,82,7,Diffuse,2.0,uv-sphere,UV + sphere,136,2,1024,160,100,6,"[0, 1000003, 2000006, 3000009, 4000012, 5000015]",0.01224322797247738,12.537065443816838,6.696981997598324,0.5341746062992128,0.48516929133858294,0.5394844488188973,546.9947968503939,0.00879261723163473,1.230052015896527e-05,0.008770532779255082,0.008805104013245333,"[0.02401776987340404, 0.003602665364539774, 0.01537137240762003]",1.0007675097386888,43.876497079764846,0.008785873987786212,08cbcb4555bd6df102e797b7c9d65460be0db21562fd33c6db4785c972d2901e
p82-probe7-n1024-160x100,82,7,Diffuse,2.0,six,All six,3976,6,1024,160,100,6,"[0, 1000003, 2000006, 3000009, 4000012, 5000015]",0.000621194463789992,0.6361031309209518,0.7969614666671389,1.2528809055118089,1.21256909448819,1.2765497047244112,1282.9500472440923,0.008784222648191332,2.3576415136129925e-06,0.008781346992754619,0.008787539624147378,"[0.02399483931670204, 0.003599225793458868, 0.01535669698031413]",0.9998120460642645,43.876497079764846,0.008785873987786212,08cbcb4555bd6df102e797b7c9d65460be0db21562fd33c6db4785c972d2901e
p82-probe8-n1024-160x100,82,8,Diffuse,6.4,uv,UV plane,8,1,1024,160,100,6,"[0, 1000003, 2000006, 3000009, 4000012, 5000015]",0.10446286364989821,106.96997237749576,38.479104751167256,0.35971874999999953,0.32959940944881894,0.3910284448818899,368.3519999999995,0.009226922215771559,1.4327042958436945e-05,0.00921035050015787,0.009243743721652539,"[0.014733749848598807, 0.007956224634226365, 0.005598824647656377]",1.0010664149265407,9.17227905519085,0.009217092970248772,08cbcb4555bd6df102e797b7c9d65460be0db21562fd33c6db4785c972d2901e
p82-probe8-n1024-160x100,82,8,Diffuse,6.4,ut,UT plane,1024,1,1024,160,100,6,"[0, 1000003, 2000006, 3000009, 4000012, 5000015]",0.03992790119959739,40.886170828387726,14.272738480631265,0.34908474409448836,0.34223149606299197,0.3620028543307089,357.4627779527561,0.009217701495985643,1.3696792975791546e-05,0.009198560772942212,0.009229333284161634,"[0.014719026016100862, 0.007948273756012562, 0.005593229565961173]",1.0000660214385204,9.17227905519085,0.009217092970248772,08cbcb4555bd6df102e797b7c9d65460be0db21562fd33c6db4785c972d2901e
p82-probe8-n1024-160x100,82,8,Diffuse,6.4,vt,VT plane,2048,1,1024,160,100,6,"[0, 1000003, 2000006, 3000009, 4000012, 5000015]",0.02892237058476158,29.616507478795857,11.07032109937852,0.37378887795275634,0.33041476377952744,0.3991455708661416,382.7598110236225,0.009221993862928057,1.3869722995334168e-05,0.00920056413951227,0.00923605312584283,"[0.014725880124508262, 0.007951975003167591, 0.005595834157786049]",1.0005317178306765,9.17227905519085,0.009217092970248772,08cbcb4555bd6df102e797b7c9d65460be0db21562fd33c6db4785c972d2901e
p82-probe8-n1024-160x100,82,8,Diffuse,6.4,sphere,Sphere,128,1,1024,160,100,6,"[0, 1000003, 2000006, 3000009, 4000012, 5000015]",0.6306670290667729,645.8030377643754,238.7068547323908,0.3696279527559055,0.3373043307086618,0.3978293307086616,378.4990236220472,0.00919606084580006,7.03634854193651e-05,0.00913199861131391,0.009333388343922938,"[0.014684469694356541, 0.007929613393326387, 0.005580098197684479]",0.9977181390578787,9.17227905519085,0.009217092970248772,08cbcb4555bd6df102e797b7c9d65460be0db21562fd33c6db4785c972d2901e
p82-probe8-n1024-160x100,82,8,Diffuse,6.4,planes,Three planes,3080,3,1024,160,100,6,"[0, 1000003, 2000006, 3000009, 4000012, 5000015]",0.0017253707638680692,1.7667796622009029,0.9305958882520644,0.5267187007874019,0.5063562007874008,0.5583040354330707,539.3599496062996,0.0092194341373882,1.8108691173990129e-06,0.009216693312976922,0.00922177506589182,"[0.014721792716251602, 0.00794976779197895, 0.005594280901520205]",1.0002540027693096,9.17227905519085,0.009217092970248772,08cbcb4555bd6df102e797b7c9d65460be0db21562fd33c6db4785c972d2901e
p82-probe8-n1024-160x100,82,8,Diffuse,6.4,spins,Sphere + disk + cone,896,3,1024,160,100,6,"[0, 1000003, 2000006, 3000009, 4000012, 5000015]",0.006802966961597843,6.966238168676191,5.887799705922311,0.8451906988188982,0.7720934055118118,0.8695821850393698,865.4752755905517,0.009217155720007754,8.314481624083106e-06,0.009208177825192511,0.009229776822356546,"[0.014718154515881966, 0.007947803143179027, 0.005592898364676059]",1.0000068079772206,9.17227905519085,0.009217092970248772,08cbcb4555bd6df102e797b7c9d65460be0db21562fd33c6db4785c972d2901e
p82-probe8-n1024-160x100,82,8,Diffuse,6.4,uv-sphere,UV + sphere,136,2,1024,160,100,6,"[0, 1000003, 2000006, 3000009, 4000012, 5000015]",0.006894271947218638,7.0597344739518855,3.8270309864313012,0.5420927657480314,0.5276548228346456,0.5606164370078746,555.1029921259842,0.009218690973527585,8.259940587636078e-06,0.009204711160101698,0.009228455148514532,"[0.014720606060650083, 0.007949126960894, 0.005593829952935877]",1.0001733738917435,9.17227905519085,0.009217092970248772,08cbcb4555bd6df102e797b7c9d65460be0db21562fd33c6db4785c972d2901e
p82-probe8-n1024-160x100,82,8,Diffuse,6.4,six,All six,3976,6,1024,160,100,6,"[0, 1000003, 2000006, 3000009, 4000012, 5000015]",0.000666403750003769,0.6823974400038595,0.8774942971975931,1.2858991633858272,1.2606244094488182,1.3128983267716556,1316.760743307087,0.009218784510581314,2.0908912906680364e-06,0.009215141168694957,0.009220542698287744,"[0.014720755365119355, 0.00794920763438617, 0.005593886701439863]",1.0001835221081097,9.17227905519085,0.009217092970248772,08cbcb4555bd6df102e797b7c9d65460be0db21562fd33c6db4785c972d2901e
